대우,,,,NNP,*,F,대우,*,*,*,*,*
구글,,,,NNP,*,T,구글,*,*,*,*,*
더빙,,,,NNP,*,F,더빙,*,*,*,*,*
싹쓰리,,,,NNP,*,F,싹쓰리,*,*,*,*,*
안심,,,,NNP,*,T,안심,*,*,*,*,*
인생샷,,,,NNP,*,T,인생샷,*,*,*,*,*
헬로키티아일랜드,,,,NNP,*,F,헬로키티아일랜드,*,*,*,*,*
경상권,,,,NNP,*,T,경상권,*,*,*,*,*
김정희유배지,,,,NNP,*,F,김정희유배지,*,*,*,*,*
혼인지,,,,NNP,*,F,혼인지,*,*,*,*,*
생태관광지,,,,NNP,*,F,생태관광지,*,*,*,*,*
안덕계곡,,,,NNP,*,T,안덕계곡,*,*,*,*,*
체험프로그램,,,,NNP,*,T,체험프로그램,*,*,*,*,*
추억여행,,,,NNP,*,T,추억여행,*,*,*,*,*
데이트코스,,,,NNP,*,F,데이트코스,*,*,*,*,*
나들이,,,,NNP,*,F,나들이,*,*,*,*,*
이색동굴여행,,,,NNP,*,T,이색동굴여행,*,*,*,*,*
쌍용,,,,NNP,*,T,쌍용,*,*,*,*,*
뉴파라다이스호,,,,NNP,*,F,뉴파라다이스호,*,*,*,*,*
하늬복이,,,,NNP,*,F,하늬복이,*,*,*,*,*
형제,,,,NNP,*,F,형제,*,*,*,*,*
찍기,,,,NNP,*,F,찍기,*,*,*,*,*
어승생,,,,NNP,*,T,어승생,*,*,*,*,*
돈내코,,,,NNP,*,F,돈내코,*,*,*,*,*
피서,,,,NNP,*,F,피서,*,*,*,*,*
천지연,,,,NNP,*,T,천지연,*,*,*,*,*
언택트,,,,NNP,*,F,언택트,*,*,*,*,*
핫플레이스,,,,NNP,*,F,핫플레이스,*,*,*,*,*
벽화,,,,NNP,*,F,벽화,*,*,*,*,*
살아있다,,,,NNP,*,F,살아있다,*,*,*,*,*
명예전당,,,,NNP,*,T,명예전당,*,*,*,*,*
큰엉,,,,NNP,*,T,큰엉,*,*,*,*,*
남원큰엉,,,,NNP,*,T,남원큰엉,*,*,*,*,*
경승지,,,,NNP,*,F,경승지,*,*,*,*,*
기암,,,,NNP,*,T,기암,*,*,*,*,*
유채꽃,,,,NNP,*,T,유채꽃,*,*,*,*,*
제주러브랜드,,,,NNP,*,F,제주러브랜드,*,*,*,*,*
해안,,,,NNP,*,T,해안,*,*,*,*,*
4?3,,,,NNP,*,F,4?3,*,*,*,*,*
국립공원,,,,NNP,*,T,국립공원,*,*,*,*,*
세계자연유산마을,,,,NNP,*,T,세계자연유산마을,*,*,*,*,*
돌문화,,,,NNP,*,F,돌문화,*,*,*,*,*
서커스월드공연장,,,,NNP,*,T,서커스월드공연장,*,*,*,*,*
모구리,,,,NNP,*,F,모구리,*,*,*,*,*
트레킹,,,,NNP,*,T,트레킹,*,*,*,*,*
촬영지,,,,NNP,*,F,촬영지,*,*,*,*,*
엉또,,,,NNP,*,F,엉또,*,*,*,*,*
이호테우,,,,NNP,*,F,이호테우,*,*,*,*,*
플라넷,,,,NNP,*,T,플라넷,*,*,*,*,*
곶자왈,,,,NNP,*,T,곶자왈,*,*,*,*,*
에코,,,,NNP,*,F,에코,*,*,*,*,*
황우지,,,,NNP,*,F,황우지,*,*,*,*,*
테디베어,,,,NNP,*,F,테디베어,*,*,*,*,*
항일,,,,NNP,*,T,항일,*,*,*,*,*
대포동지삿개,,,,NNP,*,F,대포동지삿개,*,*,*,*,*
성읍,,,,NNP,*,T,성읍,*,*,*,*,*
관찰원,,,,NNP,*,T,관찰원,*,*,*,*,*
동백,,,,NNP,*,T,동백,*,*,*,*,*
삼양,,,,NNP,*,T,삼양,*,*,*,*,*
청보리,,,,NNP,*,F,청보리,*,*,*,*,*
수월,,,,NNP,*,T,수월,*,*,*,*,*
해안,,,,NNP,*,T,해안,*,*,*,*,*
모세의기적,,,,NNP,*,T,모세의기적,*,*,*,*,*
서건,,,,NNP,*,T,서건,*,*,*,*,*
지미,,,,NNP,*,F,지미,*,*,*,*,*
석물원,,,,NNP,*,T,석물원,*,*,*,*,*
두모악,,,,NNP,*,T,두모악,*,*,*,*,*
개오리,,,,NNP,*,F,개오리,*,*,*,*,*
성세기,,,,NNP,*,F,성세기,*,*,*,*,*
비대면,,,,NNP,*,T,비대면,*,*,*,*,*
석부작,,,,NNP,*,T,석부작,*,*,*,*,*
곽지과물,,,,NNP,*,T,곽지과물,*,*,*,*,*
조안,,,,NNP,*,T,조안,*,*,*,*,*
베어,,,,NNP,*,F,베어,*,*,*,*,*
반려견,,,,NNP,*,T,반려견,*,*,*,*,*
과학관,,,,NNP,*,T,과학관,*,*,*,*,*
용천,,,,NNP,*,T,용천,*,*,*,*,*
이색,,,,NNP,*,T,이색,*,*,*,*,*
동굴,,,,NNP,*,T,동굴,*,*,*,*,*
피규어,,,,NNP,*,F,피규어,*,*,*,*,*
이상한 나라의 앨리스,,,,NNP,*,F,이상한 나라의 앨리스,*,*,*,*,*
유리의 성,,,,NNP,*,T,유리의 성,*,*,*,*,*
으뜸원,,,,NNP,*,T,으뜸원,*,*,*,*,*
숙박대전,,,,NNP,*,T,숙박대전,*,*,*,*,*
용눈이,,,,NNP,*,F,용눈이,*,*,*,*,*
항공,,,,NNP,*,T,항공,*,*,*,*,*
카멜리아힐,,,,NNP,*,T,카멜리아힐,*,*,*,*,*
도예,,,,NNP,*,F,도예,*,*,*,*,*
도자기,,,,NNP,*,F,도자기,*,*,*,*,*
가든,,,,NNP,*,T,가든,*,*,*,*,*
다희연,,,,NNP,*,T,다희연,*,*,*,*,*
테지움,,,,NNP,*,T,테지움,*,*,*,*,*
더마파크,,,,NNP,*,F,더마파크,*,*,*,*,*
다랑쉬,,,,NNP,*,F,다랑쉬,*,*,*,*,*
성이시돌,,,,NNP,*,T,성이시돌,*,*,*,*,*
화조원,,,,NNP,*,T,화조원,*,*,*,*,*
증류식,,,,NNP,*,T,증류식,*,*,*,*,*
소주,,,,NNP,*,F,소주,*,*,*,*,*
