관광지,날짜,버즈량,위치
아부오름,2021-01-01,8,제주시
아부오름,2021-01-02,11,제주시
아부오름,2021-01-03,16,제주시
아부오름,2021-01-04,11,제주시
아부오름,2021-01-05,8,제주시
아부오름,2021-01-06,8,제주시
아부오름,2021-01-07,12,제주시
아부오름,2021-01-08,9,제주시
아부오름,2021-01-09,11,제주시
아부오름,2021-01-10,11,제주시
아부오름,2021-01-11,14,제주시
아부오름,2021-01-12,5,제주시
아부오름,2021-01-13,6,제주시
아부오름,2021-01-14,13,제주시
아부오름,2021-01-15,8,제주시
아부오름,2021-01-16,3,제주시
아부오름,2021-01-17,10,제주시
아부오름,2021-01-18,3,제주시
아부오름,2021-01-19,10,제주시
아부오름,2021-01-20,11,제주시
아부오름,2021-01-21,8,제주시
아부오름,2021-01-22,3,제주시
아부오름,2021-01-23,7,제주시
아부오름,2021-01-24,4,제주시
아부오름,2021-01-25,9,제주시
아부오름,2021-01-26,7,제주시
아부오름,2021-01-27,11,제주시
아부오름,2021-01-28,9,제주시
아부오름,2021-01-29,10,제주시
아부오름,2021-01-30,9,제주시
아부오름,2021-01-31,12,제주시
아부오름,2021-02-01,7,제주시
아부오름,2021-02-02,9,제주시
아부오름,2021-02-03,10,제주시
아부오름,2021-02-04,8,제주시
아부오름,2021-02-05,10,제주시
아부오름,2021-02-06,8,제주시
아부오름,2021-02-07,13,제주시
아부오름,2021-02-08,9,제주시
아부오름,2021-02-09,15,제주시
아부오름,2021-02-10,7,제주시
아부오름,2021-02-11,12,제주시
아부오름,2021-02-12,2,제주시
아부오름,2021-02-13,6,제주시
아부오름,2021-02-14,8,제주시
아부오름,2021-02-15,10,제주시
아부오름,2021-02-16,9,제주시
아부오름,2021-02-17,5,제주시
아부오름,2021-02-18,12,제주시
아부오름,2021-02-19,11,제주시
아부오름,2021-02-20,8,제주시
아부오름,2021-02-21,6,제주시
아부오름,2021-02-22,11,제주시
아부오름,2021-02-23,6,제주시
아부오름,2021-02-24,10,제주시
아부오름,2021-02-25,9,제주시
아부오름,2021-02-26,9,제주시
아부오름,2021-02-27,8,제주시
아부오름,2021-02-28,13,제주시
아부오름,2021-03-01,6,제주시
아부오름,2021-03-02,5,제주시
아부오름,2021-03-03,6,제주시
아부오름,2021-03-04,9,제주시
아부오름,2021-03-05,5,제주시
아부오름,2021-03-06,5,제주시
아부오름,2021-03-07,11,제주시
아부오름,2021-03-08,9,제주시
아부오름,2021-03-09,8,제주시
아부오름,2021-03-10,11,제주시
아부오름,2021-03-11,5,제주시
아부오름,2021-03-12,8,제주시
아부오름,2021-03-13,4,제주시
아부오름,2021-03-14,12,제주시
아부오름,2021-03-15,9,제주시
아부오름,2021-03-16,9,제주시
아부오름,2021-03-17,13,제주시
아부오름,2021-03-18,11,제주시
아부오름,2021-03-19,10,제주시
아부오름,2021-03-20,9,제주시
아부오름,2021-03-21,5,제주시
아부오름,2021-03-22,11,제주시
아부오름,2021-03-23,15,제주시
아부오름,2021-03-24,6,제주시
아부오름,2021-03-25,13,제주시
아부오름,2021-03-26,10,제주시
아부오름,2021-03-27,14,제주시
아부오름,2021-03-28,10,제주시
아부오름,2021-03-29,11,제주시
아부오름,2021-03-30,10,제주시
아부오름,2021-03-31,10,제주시
아부오름,2021-04-01,16,제주시
아부오름,2021-04-02,9,제주시
아부오름,2021-04-03,8,제주시
아부오름,2021-04-04,7,제주시
아부오름,2021-04-05,9,제주시
아부오름,2021-04-06,8,제주시
아부오름,2021-04-07,13,제주시
아부오름,2021-04-08,12,제주시
아부오름,2021-04-09,12,제주시
아부오름,2021-04-10,10,제주시
아부오름,2021-04-11,10,제주시
아부오름,2021-04-12,6,제주시
아부오름,2021-04-13,14,제주시
아부오름,2021-04-14,15,제주시
아부오름,2021-04-15,19,제주시
아부오름,2021-04-16,8,제주시
아부오름,2021-04-17,8,제주시
아부오름,2021-04-18,17,제주시
아부오름,2021-04-19,10,제주시
아부오름,2021-04-20,15,제주시
아부오름,2021-04-21,12,제주시
아부오름,2021-04-22,15,제주시
아부오름,2021-04-23,13,제주시
아부오름,2021-04-24,4,제주시
아부오름,2021-04-25,14,제주시
아부오름,2021-04-26,16,제주시
아부오름,2021-04-27,12,제주시
아부오름,2021-04-28,13,제주시
아부오름,2021-04-29,10,제주시
아부오름,2021-04-30,10,제주시
아부오름,2021-05-01,23,제주시
아부오름,2021-05-02,21,제주시
아부오름,2021-05-03,15,제주시
아부오름,2021-05-04,8,제주시
아부오름,2021-05-05,10,제주시
아부오름,2021-05-06,15,제주시
아부오름,2021-05-07,11,제주시
아부오름,2021-05-08,2,제주시
아부오름,2021-05-09,28,제주시
아부오름,2021-05-10,12,제주시
아부오름,2021-05-11,11,제주시
아부오름,2021-05-12,18,제주시
아부오름,2021-05-13,8,제주시
아부오름,2021-05-14,15,제주시
아부오름,2021-05-15,14,제주시
아부오름,2021-05-16,11,제주시
아부오름,2021-05-17,16,제주시
아부오름,2021-05-18,15,제주시
아부오름,2021-05-19,6,제주시
아부오름,2021-05-20,18,제주시
아부오름,2021-05-21,9,제주시
아부오름,2021-05-22,6,제주시
아부오름,2021-05-23,10,제주시
아부오름,2021-05-24,13,제주시
아부오름,2021-05-25,14,제주시
아부오름,2021-05-26,10,제주시
아부오름,2021-05-27,22,제주시
아부오름,2021-05-28,25,제주시
아부오름,2021-05-29,15,제주시
아부오름,2021-05-30,14,제주시
아부오름,2021-05-31,18,제주시
아부오름,2021-06-01,14,제주시
아부오름,2021-06-02,16,제주시
아부오름,2021-06-03,10,제주시
아부오름,2021-06-04,19,제주시
아부오름,2021-06-05,7,제주시
아부오름,2021-06-06,8,제주시
아부오름,2021-06-07,14,제주시
아부오름,2021-06-08,11,제주시
아부오름,2021-06-09,10,제주시
아부오름,2021-06-10,15,제주시
아부오름,2021-06-11,7,제주시
아부오름,2021-06-12,14,제주시
아부오름,2021-06-13,12,제주시
아부오름,2021-06-14,15,제주시
아부오름,2021-06-15,11,제주시
아부오름,2021-06-16,10,제주시
아부오름,2021-06-17,21,제주시
아부오름,2021-06-18,16,제주시
아부오름,2021-06-19,11,제주시
아부오름,2021-06-20,11,제주시
아부오름,2021-06-21,19,제주시
아부오름,2021-06-22,19,제주시
아부오름,2021-06-23,6,제주시
아부오름,2021-06-24,14,제주시
아부오름,2021-06-25,10,제주시
아부오름,2021-06-26,16,제주시
아부오름,2021-06-27,12,제주시
아부오름,2021-06-28,17,제주시
아부오름,2021-06-29,16,제주시
아부오름,2021-06-30,13,제주시
아부오름,2021-07-01,14,제주시
아부오름,2021-07-02,14,제주시
아부오름,2021-07-03,10,제주시
아부오름,2021-07-04,13,제주시
아부오름,2021-07-05,10,제주시
아부오름,2021-07-06,14,제주시
아부오름,2021-07-07,13,제주시
아부오름,2021-07-08,13,제주시
아부오름,2021-07-09,11,제주시
아부오름,2021-07-10,13,제주시
아부오름,2021-07-11,12,제주시
아부오름,2021-07-12,17,제주시
아부오름,2021-07-13,11,제주시
아부오름,2021-07-14,14,제주시
아부오름,2021-07-15,12,제주시
아부오름,2021-07-16,17,제주시
아부오름,2021-07-17,13,제주시
아부오름,2021-07-18,15,제주시
아부오름,2021-07-19,16,제주시
아부오름,2021-07-20,6,제주시
아부오름,2021-07-21,11,제주시
아부오름,2021-07-22,11,제주시
아부오름,2021-07-23,13,제주시
아부오름,2021-07-24,9,제주시
아부오름,2021-07-25,7,제주시
아부오름,2021-07-26,12,제주시
아부오름,2021-07-27,5,제주시
아부오름,2021-07-28,9,제주시
아부오름,2021-07-29,5,제주시
아부오름,2021-07-30,8,제주시
아부오름,2021-07-31,6,제주시
아부오름,2021-08-01,18,제주시
아부오름,2021-08-02,11,제주시
아부오름,2021-08-03,9,제주시
아부오름,2021-08-04,12,제주시
아부오름,2021-08-05,6,제주시
아부오름,2021-08-06,9,제주시
아부오름,2021-08-07,7,제주시
아부오름,2021-08-08,11,제주시
아부오름,2021-08-09,9,제주시
아부오름,2021-08-10,9,제주시
아부오름,2021-08-11,3,제주시
아부오름,2021-08-12,11,제주시
아부오름,2021-08-13,15,제주시
아부오름,2021-08-14,9,제주시
아부오름,2021-08-15,11,제주시
아부오름,2021-08-16,13,제주시
아부오름,2021-08-17,10,제주시
아부오름,2021-08-18,10,제주시
아부오름,2021-08-19,6,제주시
아부오름,2021-08-20,4,제주시
아부오름,2021-08-21,4,제주시
아부오름,2021-08-22,9,제주시
아부오름,2021-08-23,12,제주시
아부오름,2021-08-24,8,제주시
아부오름,2021-08-25,9,제주시
아부오름,2021-08-26,8,제주시
아부오름,2021-08-27,13,제주시
아부오름,2021-08-28,8,제주시
아부오름,2021-08-29,10,제주시
아부오름,2021-08-30,13,제주시
아부오름,2021-08-31,11,제주시
아부오름,2021-09-01,11,제주시
아부오름,2021-09-02,11,제주시
아부오름,2021-09-03,10,제주시
아부오름,2021-09-04,7,제주시
아부오름,2021-09-05,13,제주시
아부오름,2021-09-06,5,제주시
아부오름,2021-09-07,7,제주시
아부오름,2021-09-08,7,제주시
아부오름,2021-09-09,13,제주시
아부오름,2021-09-10,5,제주시
아부오름,2021-09-11,10,제주시
아부오름,2021-09-12,9,제주시
아부오름,2021-09-13,11,제주시
아부오름,2021-09-14,8,제주시
아부오름,2021-09-15,12,제주시
아부오름,2021-09-16,12,제주시
아부오름,2021-09-17,8,제주시
아부오름,2021-09-18,6,제주시
아부오름,2021-09-19,12,제주시
아부오름,2021-09-20,7,제주시
아부오름,2021-09-21,8,제주시
아부오름,2021-09-22,9,제주시
아부오름,2021-09-23,14,제주시
아부오름,2021-09-24,6,제주시
아부오름,2021-09-25,10,제주시
아부오름,2021-09-26,14,제주시
아부오름,2021-09-27,12,제주시
아부오름,2021-09-28,13,제주시
아부오름,2021-09-29,15,제주시
아부오름,2021-09-30,17,제주시
아부오름,2021-10-01,5,제주시
아부오름,2021-10-02,12,제주시
아부오름,2021-10-03,8,제주시
아부오름,2021-10-04,18,제주시
아부오름,2021-10-05,14,제주시
아부오름,2021-10-06,12,제주시
아부오름,2021-10-07,12,제주시
아부오름,2021-10-08,10,제주시
아부오름,2021-10-09,12,제주시
아부오름,2021-10-10,16,제주시
아부오름,2021-10-11,8,제주시
아부오름,2021-10-12,19,제주시
아부오름,2021-10-13,9,제주시
아부오름,2021-10-14,12,제주시
아부오름,2021-10-15,15,제주시
아부오름,2021-10-16,13,제주시
아부오름,2021-10-17,13,제주시
아부오름,2021-10-18,17,제주시
아부오름,2021-10-19,13,제주시
아부오름,2021-10-20,10,제주시
아부오름,2021-10-21,9,제주시
아부오름,2021-10-22,14,제주시
아부오름,2021-10-23,11,제주시
아부오름,2021-10-24,13,제주시
아부오름,2021-10-25,11,제주시
아부오름,2021-10-26,18,제주시
아부오름,2021-10-27,18,제주시
아부오름,2021-10-28,18,제주시
아부오름,2021-10-29,14,제주시
아부오름,2021-10-30,8,제주시
아부오름,2021-10-31,11,제주시
아부오름,2021-11-01,16,제주시
아부오름,2021-11-02,13,제주시
아부오름,2021-11-03,12,제주시
아부오름,2021-11-04,8,제주시
아부오름,2021-11-05,15,제주시
아부오름,2021-11-06,7,제주시
아부오름,2021-11-07,9,제주시
아부오름,2021-11-08,12,제주시
아부오름,2021-11-09,9,제주시
아부오름,2021-11-10,13,제주시
아부오름,2021-11-11,14,제주시
아부오름,2021-11-12,10,제주시
아부오름,2021-11-13,11,제주시
아부오름,2021-11-14,9,제주시
아부오름,2021-11-15,18,제주시
아부오름,2021-11-16,17,제주시
아부오름,2021-11-17,16,제주시
아부오름,2021-11-18,8,제주시
아부오름,2021-11-19,11,제주시
아부오름,2021-11-20,8,제주시
아부오름,2021-11-21,13,제주시
아부오름,2021-11-22,10,제주시
아부오름,2021-11-23,7,제주시
아부오름,2021-11-24,14,제주시
아부오름,2021-11-25,14,제주시
아부오름,2021-11-26,10,제주시
아부오름,2021-11-27,14,제주시
아부오름,2021-11-28,13,제주시
아부오름,2021-11-29,11,제주시
아부오름,2021-11-30,17,제주시
아부오름,2021-12-01,12,제주시
아부오름,2021-12-02,24,제주시
아부오름,2021-12-03,11,제주시
아부오름,2021-12-04,10,제주시
아부오름,2021-12-05,9,제주시
아부오름,2021-12-06,16,제주시
아부오름,2021-12-07,22,제주시
아부오름,2021-12-08,15,제주시
아부오름,2021-12-09,19,제주시
아부오름,2021-12-10,11,제주시
아부오름,2021-12-11,12,제주시
아부오름,2021-12-12,9,제주시
아부오름,2021-12-13,17,제주시
아부오름,2021-12-14,10,제주시
아부오름,2021-12-15,7,제주시
아부오름,2021-12-16,9,제주시
아부오름,2021-12-17,11,제주시
아부오름,2021-12-18,4,제주시
아부오름,2021-12-19,6,제주시
아부오름,2021-12-20,11,제주시
아부오름,2021-12-21,14,제주시
아부오름,2021-12-22,7,제주시
아부오름,2021-12-23,10,제주시
아부오름,2021-12-24,4,제주시
아부오름,2021-12-25,3,제주시
아부오름,2021-12-26,5,제주시
아부오름,2021-12-27,15,제주시
아부오름,2021-12-28,11,제주시
아부오름,2021-12-29,11,제주시
아부오름,2021-12-30,10,제주시
아부오름,2021-12-31,18,제주시
